name,domain
ibm,ibm.com
accenture,accenture.com
ey,ey.com
hp,hpe.com
walmart,walmartcareers.com
microsoft,microsoft.com
at&t,att.com
united states air force,airforce.com
pwc,pwc.com
wells fargo,wellsfargo.com
deloitte,deloitte.com
citi,citigroup.com
boa,bankofamerica.com
chase,jpmorganchase.com
us navy,navy.com
amazon,amazon.com
apple,apple.com
siemens,siemens.com
oracle,oracle.com
nokia,nokia.com
hsbc,hsbc.com
google,google.com
united states postal service,usps.com
mcdonald's corporation,aboutmcdonalds.com
ericsson,ericsson.com
nhs,
boeing,boeing.com
vodafone,vodafone.com
ford,ford.com
intel corporation,intel.com
cisco,cisco.com
pepsi,pepsico.com
target,target.com
shell,shell.com
hcl,hcltech.com
ups,ups.com
pfizer,pfizer.com
unilever,unilever.com
nestle,nestle.com
unitedhealth,unitedhealthgroup.com
huawei,huawei.com
dell,dell.com
gsk,gsk.com
honeywell,honeywell.com
sap,sap.com
schlumberger,slb.com
lockheed martin,lockheedmartin.com
abb,abb.com
starbucks,starbucks.com
morgan stanley,morganstanley.com
the home depot,homedepot.com
independiente,ailinsemprini.com.ar
novartis,novartis.com
johnson & johnson,jnj.com
bp,bp.com
schneider electric,schneider-electric.com
state farm,statefarm.com
dhl,dhl.com
philips,philips.com
ubs,ubs.com
procter & gamble,pg.com
walgreens,walgreens.com
lowe,lowes.com
dell,dellemc.com
tech mahindra,techmahindra.com
verizon wireless,verizonwireless.com
sanofi,sanofi.com
bnp paribas,bnpparibas.com
sodexo,sodexo.com
deutsche bank,db.com
tencent,tencent.com
j.p. morgan,jpmorgan.com
verizon,verizon.com
kpmg,kpmg.com
orange,orange.com
linkedin,linkedin.com
barclays,barclays.com
facebook,facebook.com
adp,adp.com
medtronic,medtronic.com
abbott,abbott.com
chevron,chevron.com
roche,roche.com
american express,americanexpress.com
samsung,samsung.com
macy's,macysjobs.com
thomson reuters,tr.com
ministerio de educación,
avon,avoncompany.com
cgi,cgi.com
cvs health,cvshealth.com
halliburton,halliburton.com
atos,atos.net
csc,csc.com
merck,merck.com
kpmg,beaconpartners.com
banco santander,santander.com
scotiabank,scotiabank.com
dxc technology,dxc.technology
johnson controls,johnsoncontrols.com
posteamos.com,posteamos.com
allstate,al.st
petrobras,petrobras.com.br
credit suisse,credit-suisse.com
telefónica,telefonica.com
marriott international,marriott.com
axa,axa.com
3m health care,3m.com
standard chartered bank,sc.com
xerox,xerox.com
cbre,cbre.com
goldman sachs,goldmansachs.com
fidelity investments,fidelity.com
icici bank,icicibank.com
exxonmobil,exxonmobil.com
t-mobile,tmobile.com
aon,aon.com
royal bank of scotland,rbs.com
astrazeneca,astrazeneca.com
nike,nike.com
basf,basf.com
hdfc bank,hdfcbank.com
best buy,bestbuy.com
american airlines,aa.com
baker hughes,bhge.com
coca cola,coca-colacompany.com
genpact,genpact.com
jll,jll.com
rbc,rbc.com
u.s. bank,usbank.com
larsen & toubro,larsentoubro.com
continental,continental-corporation.com
pnc,pnc.com
sprint,sprint.com
saudi aramco,saudiaramco.com
g4s,g4s.com
airbus,airbusgroup.com
capital one,capitalone.com
delta air lines,delta.com
carrefour,carrefour.fr
ninguna,networkingchats.com
merrill lynch,ml.com
mondelēz,mondelezinternational.com
bt,btplc.com
h&m,hm.com
anz,anz.com
farmers insurance,farmers.com
aecom,aecom.com
metlife,metlife.com
total,total.com
ikea,ikea.com
cargill,cargill.com
bae systems,baesystems.com
united airlines,united.com
mary kay inc.,marykay.com
liberty mutual insurance,libertymutualgroup.com
comcast,comcast.com
caterpillar inc.,caterpillar.com
jacobs,jacobs.com
bny mellon,bnymellon.com
raytheon,raytheon.com
société générale,societegenerale.com
eli lilly and company,lilly.com
hp,hp.com
eskom,eskom.co.za
school,school-shop.fr
uber,uber.com
lloyds banking group,lloydsbankinggroup.com
kroger,thekrogerco.com
thermo fisher scientific,thermofisher.com
renault,renault.com
nhs trust,nhs.net
willis towers watson,willistowerswatson.com
hospital universitario josep trueta,scsalud.es
aig,aig.com
state bank of india,sbi.co.in
fedex express,fedex.com
novo nordisk,novonordisk.com
mynet,mynet.com
vale,vale.com
itaú unibanco,itau.com.br
h&r block,hrblock.com
sncf,sncf.com
social security administration,socialsecurity.gov
"bright futures, a college and career management company",
costco wholesale,costco.com
thales,thalesgroup.com
convergys,convergys.com
ministry of education,mogaisrael.com
tesco plc,tescoplc.com
iqvia,iqvia.com
salesforce,salesforce.com
edf,edf.fr
prefeitura municipal,raffanti.net
the dow chemical company,dow.com
forza silicon,vandjassociates.com
hilton worldwide,stayhgi.com
los angeles unified school district,lausd.net
army national guard,nationalguard.com
nordstrom,nordstrom.com
lifespan,lifespan.org
fedex,
edward jones,edwardjones.com
particular,demelon.net
travelers,travelers.com
fresher,student.org.il
boehringer ingelheim,boehringer-ingelheim.com
state street,statestreet.com
private,lesliestreet.cz
the walt disney company,disneycareers.com
nielsen,nielsen.com
emirates,emirates.com
lg electronics,lg.com
bombardier,bombardier.com
herbalife,herbalife.com
northwestern mutual,northwesternmutual.com
valeo,valeo.com
eaton,eaton.com
aflac,aflac.com
united nations,un.org
flextronics,flex.com
standard bank group,standardbank.com
subway,subway.com
mayo clinic,mayoclinic.org
booz allen hamilton,boozallen.com
allianz,allianz.com
telstra,telstra.com
qualcomm,qualcomm.com
john deere,johndeere.com
aetna,aetna.com
enterprise rent-a-car,enterprise.com
bristol-myers squibb,bms.com
alberta health services,albertahealthservices.ca
us department of homeland security,dhs.gov
commonwealth bank,commbank.com.au
new york life insurance company,newyorklife.com
siemens healthcare,
cibc,cibc.com
adidas,adidas.com
weatherford,weatherford.com
fluor corporation,fluor.com
pemex,pemex.com
sopra steria,soprasteria.com
hca,hcahealthcare.com
bmw group,bmwgroup.jobs
dupont,dupont.com
nessuna azienda,navisysgroup.com
sears holdings corporation,searsholdings.com
cleveland clinic,clevelandclinic.org
lafargeholcim,lafargeholcim.com
kohl's department stores,kohls.com
humana,humana.com
primerica,primerica.com
axis bank,axisbank.com
coldwell banker residential brokerage,coldwellbanker.com
bayer,bayer.com
fujitsu,fujitsu.com
faa,faa.gov
bbva,bbva.com
university of michigan,umich.edu
banco do brasil,bb.com.br
fis,fisglobal.com
foxconn,foxconn.com
intercontinental hotels group (ihg®),ihgplc.com
ge power,gepower.com
epam systems,epam.com
pearson,pearson.com
national australia bank,nab.com.au
reliance,ril.com
jcpenney,jcpenney.com
imss,imss.ge
bradesco,bradesco.com.br
boston scientific,bostonscientific.com
stay at home mom,
lenovo,lenovo.com
nationwide insurance,nationwide.com
nissan motor corporation,nissan-global.com
amazon web services,
philip morris international,pmi.com
alstom,alstom.com
cummins inc.,cummins.com
centurylink,centurylink.com
psa peugeot citroën,groupe-psa.com
european commission,europa.eu
amgen,amgen.com
abn amro bank n.v.,abnamro.nl
cvs pharmacy,
trw,zf.com
ncr corporation,ncr.com
akzonobel,akzonobel.com
amdocs,amdocs.com
abbvie,abbvie.com
arcelormittal,arcelormittal.com
free lance,dottorpaolo.com
jaguar land rover,jaguarlandrovercareers.com
autônoma,sirin.com.br
sgs,sgs.com
wipro infotech,
aramark,aramark.com
"ministero istruzione, universita' e ricerca",miur.it
samsung,
kuehne + nagel,kuehne-nagel.com
cerner corporation,cerner.com
mckinsey & company,mckinsey.com
kimberly-clark,careersatkc.com
caixa economica federal,caixa.gov.br
"biocolloids fate and transport in environmental systems, network biomet",
agilent technologies,agilent.com
upwork,upwork.com
whole foods market,wholefoodsmarket.com
comcast cable,
indra,indracompany.com
southwest airlines,southwest.com
mid managing international diffusion,midshop.it
stryker,stryker.com
international mission of mercy (imm),immusa.org
british american tobacco,bat.com
nordea,nordea.com
bank of america merrill lynch,bofaml.com
publix super markets,publix.com
own businees,fbook.me
youtube,youtube.com
u.s. department of state,state.gov
"""cecaci""  centro de capacitacion comercial e industrial",
mars,mars.com
lic,licindia.in
sabic,sabic.com
bsnl,bsnl.co.in
danone,danone.com
usaa,usaa.com
chicago public schools,cps.edu
le groupe la poste,laposte.fr
bmo financial group,bmo.com
fresenius medical care,fmcna.com
cushman & wakefield,cushmanwakefield.com
ing,ing.com
rolls-royce,rolls-royce.com
cigna,cigna.com
ymca,ymca.net
prudential financial,prudential.com
saipem,saipem.com
bosch,bosch.com
rodan + fields,rodanandfields.com
rr donnelley,rrdonnelley.com
vmware,vmware.com
university of washington,washington.edu
penn state university,psu.edu
texas instruments,ti.com
michelin,michelin.com
baxter international inc.,baxter.com
sakri it solutions pvt ltd,xyx.in
rabobank,rabobank.nl
cardinal health,cardinalhealth.com
amway,amwayglobal.com
adecco,adecco.com
bb&t,bbt.com
saic,saic.com
bureau veritas,bureauveritas.com
faurecia,faurecia.com
sas,sas.com
mahindra satyam,
coldwell banker,
orange business services,orange-business.com
monsanto company,monsanto.com
manpowergroup,manpowergroup.com
american red cross,redcross.org
kelly services,kellyservices.com
time warner cable,timewarnercable.com
nedbank,nedbank.co.za
adobe,adobe.com
university of florida,ufl.edu
bell,bell.ca
ecolab,ecolab.com
bhp billiton,bhp.com
university of minnesota,umn.edu
absa,absa.co.za
bbc,bbc.co.uk
"ameriprise financial services, inc.",ameriprise.com
unicredit,unicreditgroup.eu
mphasis,mphasis.com
randstad,randstad.com
progressive insurance,progressive.com
the ohio state university,osu.edu
"anthem, inc.",antheminc.com
safeway,safeway.com
teleperformance,teleperformance.com
worleyparsons,worleyparsons.com
british airways,ba.com
national oilwell varco,nov.com
aviva,aviva.com
syngenta,syngenta.com
magna international,magna.com
walt disney world,waltdisneyworld.jobs
auchan,groupe-auchan.com
staples,staples.com
the salvation army,salvationarmyusa.org
inditex,inditex.com
barclays investment bank,
toyota,toyota-global.com
sherwin williams,sherwin-williams.com
arcadis,arcadis.com
motorola,motorola.com
chubb,chubb.com
stanford university,stanford.edu
mercer,mercer.com
airtel,airtel.in
sony,sony.net
genentech,gene.com
delphi,delphi.com
serco,serco.com
bd,bd.com
leroy merlin,leroymerlin.fr
air liquide,airliquide.com
te connectivity,te.com
wood,woodplc.com
duke energy corporation,duke-energy.com
university of toronto,utoronto.ca
teksystems,teksystems.com
sun life financial,sunlife.com
adecco group,adeccogroup.com
colgate palmolive,colgate.com
ge aviation,geaviation.com
tesla,teslamotors.com
sena,sena.edu.co
queensland health,health.qld.gov.au
air france,airfrance.com
u.s. coast guard,uscg.mil
the janssen pharmaceutical companies of johnson & johnson,janssen.com
bayer healthcare,
stmicroelectronics,st.com
charter communications,charter.com
re/max,remax.com
jabil,jabil.com
us government,gao.gov
skanska,skanska.com
leonardo,leonardocompany.com
accorhotels,accor.com
brf,brf-global.com
l&t infotech,lntinfotech.com
sonatrach,sonatrach.com
pizza hut,pizzahut.com
technip,technip.com
eni,eni.com
altran,altran.com
emerson automation solutions,emerson.com
the boston consulting group (bcg),bcg.com
l-3 communications,l3design.eu
davita,davita.com
intesa sanpaolo,intesasanpaolo.com
daimler ag,daimler.com
lear corporation,lear.com
rockwell automation,rockwellautomation.com
rb,rb.com
db schenker,dbschenker.com
wells fargo advisors,wellsfargoadvisors.com
accenture in india,
texas a&m university,tamu.edu
bloomberg lp,bloomberg.com
arizona state university,asu.edu
heineken,theheinekencompany.com
statoil,statoil.com
ppg industries,ppg.com
sainsbury's,sainsburys.co.uk
fiserv,fiserv.com
teva pharmaceuticals,tevapharm.com
rogers communications,rogers.com
conocophillips,conocophillips.com
diageo,diageo.com
michigan state university,msu.edu
qatar airways,qatarairways.com
generali,generali.com
suntrust bank,suntrust.com
rockwell collins,rockwellcollins.com
office depot,officedepot.com
sephora,sephora.com
telenor,telenor.com
manulife,manulife.com
ceva logistics,cevalogistics.com
"nbcuniversal media, llc",nbcuniversal.com
ministerie van defensie,werkenbijdefensie.nl
university of phoenix,phoenix.edu
standard chartered bank,
pdvsa petroleos de venezuela s.a.,pdvsa.com
sutherland global services,sutherlandglobal.com
four seasons hotels and resorts,fourseasons.com
harvard university,harvard.edu
telecom italia,telecomitalia.com
ucla,ucla.edu
international paper,internationalpaper.com
geico,geico.jobs
pôle emploi,pole-emploi.org
ch2m hill,ch2m.com
kellogg company,kelloggcompany.com
t-systems,t-systems.com
purdue university,purdue.edu
anheuser-busch inbev,ab-inbev.com
columbia university in the city of new york,columbia.edu
chase,chase.com
providence health & services,providence.org
university of illinois at urbana-champaign,illinois.edu
junta de andalucía,juntadeandalucia.es
whirlpool corporation,whirlpoolcorp.com
university of southern california,usc.edu
desjardins,desjardins.com
telus,telus.com
hays,hays.com
rite aid,riteaid.com
vanguard,vanguard.com
enterprise holdings,enterpriseholdings.com
leidos,leidos.com
sky,sky.com
blackrock,blackrock.com
henkel,henkel.com
tnt,tnt.com
asda,asda.jobs
mckesson,mckesson.com
network rail,networkrail.co.uk
compass group,compass-group.com
atlas copco,atlascopco.com
rio tinto,riotinto.com
robert bosch,bosch.us
marks and spencer,marksandspencer.com
us army corps of engineers,
united states army reserve,
regions bank,regions.com
the university of texas at austin,utexas.edu
zurich insurance company ltd,zurich.com
ppd,ppd.com
generalitat de catalunya,gencat.cat
poste italiane,posteitaliane.it
grant thornton llp,grantthornton.com
the hartford,thehartford.com
nasa,nasa.gov
new york university,nyu.edu
kotak mahindra bank,kotak.com
university of pennsylvania,upenn.edu
paypal,paypal.com
the goodyear tire & rubber company,goodyear.com
fifth third bank,53.com
intertek,intertek.com
wells fargo home mortgage,
symantec,symantec.com
unicef,unicef.org
uc berkeley,berkeley.edu
nsw department of education and communities,nsw.gov.au
"starwood hotels & resorts worldwide, inc.",starwoodhotels.com
quest diagnostics,questdiagnostics.com
sam's club,samsclub.com
rutgers university,rutgers.edu
ing,ing.nl
ge capital,gecapital.com
westpac,westpac.com.au
northern trust corporation,northerntrust.com
sasol,sasol.com
electrolux,electroluxgroup.com
claro,claro.com.br
university of wisconsin-madison,wisc.edu
general mills,generalmills.com
unisys,unisys.com
burger king corporation,bk.com
tetra pak,tetrapak.com
coca-cola femsa,coca-colafemsa.com
cnh industrial,cnhindustrial.com
banner health,bannerhealth.com
upmc,upmc.com
american family insurance,amfam.com
hsbc global banking and markets,hsbcnet.com
saint-gobain,saint-gobain.com
aerotek,aerotek.com
m&t bank,mtb.com
visa,visa.com
dimension data,dimensiondata.com
national grid,nationalgrid.com
fnb south africa,fnb.co.za
mapfre,mapfre.com
general dynamics information technology,gdit.com
etisalat,etisalat.com
reliance communications,rcom.co.in
atkins,atkinsglobal.com
pt bank mandiri (persero) tbk.,bankmandiri.co.id
marsh,marsh.com
klm,klmf.ly
cintas,cintas.com
aker solutions,akersolutions.com
zte,zte.com.cn
centers for disease control and prevention,cdc.gov
veolia,veolia.com
applied materials,appliedmaterials.com
ebay,ebayinc.com
first data corporation,firstdata.com
charles schwab,schwab.com
tata steel,tatasteel.com
parker hannifin,parker.com
the world bank,worldbank.org
royal mail,royalmailgroup.com
petronas,petronas.com
fairfax county public schools,fcps.edu
procter & gamble,
us forest service,fs.fed.us
wns global services,wns.com
victoria's secret,victoriassecret.com
mastercard,mastercard.com
volvo car group,volvocars.com
stantec,stantec.com
everis,everis.com
scania,scania.com
waste management,wm.com
massachusetts general hospital,massgeneral.org
solvay,solvay.com
world vision,wvi.org
syntel,syntelinc.com
northwell health,northwell.edu
hyatt hotels corporation,hyatt.com
"alcon, a novartis company",alcon.com
allergan,allergan.com
bechtel corporation,bechtel.com
kpn,kpn.com
pacific gas and electric company,pge.com
prosegur,prosegur.com
home depot,
ingram micro,ingrammicro.com
nxp semiconductors,nxp.com
emerson,
fedex ground,
dollar general,dollargeneral.com
cornell university,cornell.edu
dhl supply chain,
arup,arup.com
british army,mod.uk
macquarie group,macquarie.com
msd,msd.com
aurora health care,aurorahealthcare.org
panera bread,panerapeople.com
idea cellular ltd,ideacellular.com
massachusetts institute of technology (mit),mit.edu
danske bank,danskebank.com
sutter health,sutterhealth.org
kpmg uk,
citizens bank,citizensbank.com
bnp paribas fortis,bnpparibasfortis.com
decathlon france,decathlon.fr
university of maryland,umd.edu
natura,natura.com.br
"expedia, inc.",lifeatexpedia.com
hcl infosystems ltd,hclinfosystems.com
"kbr, inc.",kbr.com
undp,undp.org
sitel,sitel.com
indian oil corporation limited,iocl.com
infor,infor.com
"university of california, san diego",ucsd.edu
ucsf,ucsf.edu
domino's pizza,dominos.com
engie,engie.com
asml,asml.com
gartner,gartner.com
parexel,parexel.com
the university of british columbia,ubc.ca
ambev,ambev.com.br
micron technology,micron.com
university college london,ucl.ac.uk
ca technologies,ca.com
the estée lauder companies inc.,elcompanies.jobs
department of national defence,forces.gc.ca
dbs bank,dbs.com
seagate technology,seagate.com
ricoh americas corporation,ricoh-usa.com
telefônica brasil,telefonica.com.br
university of pittsburgh,pitt.edu
md anderson cancer center,cancerpreventiontraining.org
mtn,mtn.com
snc-lavalin,snclavalin.com
sanmina,sanmina.com
department for work and pensions (dwp),dwp.gov.uk
uc davis,ucdavis.edu
mahindra & mahindra,mahindra.com
kone,kone.com
atento,atento.com
rsm us llp,rsmus.com
cemex,cemex.com
verizon business,verizonenterprise.com
pratt & whitney,utc.com
shire,shire.com
monash university,monash.edu
us air force reserve,afreserve.com
intermountain healthcare,
the kraft heinz company,kraftheinzcompany.com
cb&i,cbi.com
usda,usda.gov
"securitas security services usa, inc.",securitasinc.com
suncor energy,suncor.com
luxottica,luxottica.com
c&a,c-and-a.com
national institutes of health,nih.gov
kindred healthcare,kindredhealthcare.com
tyson foods,tysonfoods.com
lendlease,lendlease.com
cnrs,cnrs.fr
tieto,tieto.com
british council,britishcouncil.org
sage,sage.com
petrofac,petrofac.com
concentrix,concentrix.com
capgemini consulting,capgemini-consulting.com
paychex,paychex.com
gap inc.,gapinc.com
volkswagen ag,volkswagenag.com
sysco,sysco.com
grainger,grainger.com
colliers international,colliers.com
indiana university bloomington,iub.edu
government of canada,canada.ca
urs corporation,urs.com
hsbc retail banking and wealth management,
motorola solutions,motorolasolutions.com
petsmart,petsmart.com
memorial sloan kettering cancer center,mskcc.org
zimmer biomet,zimmerbiomet.com
transport for london,tfl.gov.uk
netapp,netapp.com
university of illinois at chicago,uic.edu
avaya,avaya.com
repsol,repsol.com
uwv,uwv.nl
sandvik,sandvik.com
odebrecht,odebrecht.com
sandoz,sandoz.com
c.h. robinson,chrobinson.com
aia,aia.com
chanel,chanel.com
jti (japan tobacco international),jti.com
university of north carolina at chapel hill,unc.edu
us foods,usfoods.com
u.s. department of justice,usdoj.gov
cipla,cipla.com
old mutual,oldmutual.com
"the tjx companies, inc.",tjx.com
northwestern university,northwestern.edu
harris corporation,harris.com
express scripts,express-scripts.com
crédit agricole,credit-agricole.com
infineon technologies,infineon.com
mott macdonald,mottmac.com
caci international inc,caci.com
hertz,hertz.com
city of toronto,toronto.ca
adt,adt.com
amadeus it group,amadeus.com
merck group,merckgroup.com
"the ritz-carlton hotel company, l.l.c.",ritzcarlton.com
vestas,vestas.com
robert half,roberthalf.com
indusind bank,indusind.com
nyu langone medical center,nyulangone.org
sogeti,sogeti.com
carlson wagonlit travel,carlsonwagonlit.com
the university of arizona,arizona.edu
university of south florida,usf.edu
colorado state university,colostate.edu
university of melbourne,unimelb.edu.au
cox communications,cox.com
"royal caribbean cruises, ltd.",royalcaribbean.com
wipro bpo,
north carolina state university,ncsu.edu
diebold nixdorf,diebold.com
national bank of canada,nbc.ca
bayer cropscience,
university of cincinnati,uc.edu
ust global,ust-global.com
ge oil & gas,geoilandgas.com
geodis,geodis.com
taco bell,tacobell.com
georgia-pacific llc,gp.com
igate,igate.com
"stanley black & decker, inc.",stanleyblackanddecker.com
red bull,redbull.com
arthur j. gallagher & co.,ajg.com
university of alberta,ualberta.ca
embraer,embraer.com
new york-presbyterian hospital,
raymond james,raymondjames.com
amec foster wheeler,amecfw.com
meijer,meijer.com
labcorp,labcorp.com
coles,coles.com.au
qantas,qantas.com.au
university of kentucky,
us navy reserve,navy.mil
shoppers drug mart,shoppersdrugmart.ca
ups supply chain solutions,ups-scs.com
aricent,aricent.com
duke university,duke.edu
heb,heb.com
parsons corporation,parsons.com
securitas,securitas.nl
keybank,key.com
experian,experian.com
dyncorp international,dyn-intl.com
massmutual financial group,massmutual.com
university of oxford,ox.ac.uk
otis elevator company,otis.com
cameron,c-a-m.com
mindtree,
ralph lauren,ralphlauren.com
takeda pharmaceuticals,takeda.com
"penn medicine, university of pennsylvania health system",pennmedicine.org
maxim healthcare services,maximhealthcare.com
covidien,covidien.com
nomura,nomura.com
anglo american,angloamerican.com
georgia institute of technology,gatech.edu
thyssenkrupp,thyssenkrupp.com
electronic arts (ea),ea.com
johns hopkins university,jhu.edu
"ross stores, inc.",rossstores.com
ingersoll rand,ingersollrand.com
tecnológico de monterrey,itesm.edu
universidade de são paulo,usp.br
pitney bowes,pitneybowes.com
tiaa,tiaa.org
imperial college london,imperial.ac.uk
virtusa,virtusa.com
uk ministry of defence,
swiss re,swissre.com
coty,coty.com
teradata,teradata.com
the university of manchester,manchester.ac.uk
espn,espn.com
boots uk,boots.jobs
corning incorporated,corning.com
intuit,intuit.com
cencosud s.a.,cencosud.com
alcoa,alcoa.com
gap inc./old navy,
dsm,dsm.com
dick's sporting goods,dickssportinggoods.com
vanderbilt university medical center,vanderbilthealth.com
capita,capita.co.uk
ulta beauty,ulta.com
broadcom,broadcom.com
natixis,natixis.com
virginia tech,vt.edu
sanofi pasteur,sanofipasteur.com
ramboll,ramboll.com
washington university in st. louis,wustl.edu
amd,amd.com
university of cambridge,cam.ac.uk
covance,covance.com
american eagle outfitters,ae.com
banamex,citibanamex.com
brigham young university,byu.edu
maersk line,maerskline.com
huntington national bank,huntington.com
bmo harris bank,bmoharris.com
internal revenue service,irs-research.com
coca-cola hellenic bottling company,coca-colahellenic.com
brigham and women's hospital,brighamandwomens.org
us environmental protection agency (epa),epa.gov
gfk,gfk.com
bain & company,bain.com
canadian armed forces | forces armées canadiennes,forces.ca
e.on,eon.com
yahoo,yahoo.com
mufg,mufg.jp
dla piper,dlapiper.com
kmart corporation,kmart.com
autodesk,autodesk.com
vanderbilt university,vanderbilt.edu
mcgill university,mcgill.ca
manpower,manpower.com
iheartmedia,iheartmedia.com
ku leuven,kuleuven.be
kpit,kpit.com
marriott hotels,marriotthotels.com
seb,sebgroup.com
el corte inglés,elcorteingles.es
applebee's,applebees.com
louis vuitton,louisvuitton.com
tim hortons,timhortons.com
hm forces,
bed bath & beyond,bedbathandbeyond.com
avanade,avanade.com
7-eleven,7-eleven.com
university of sydney,sydney.edu.au
dr. reddy's laboratories,drreddys.com
"santander bank, n.a.",santanderbank.com
expeditors,expeditors.com
directv,directv.com
level 3 communications,level3.com
alstom power,
iss facility services a/s,issworld.com
boston university,bu.edu
coca-cola enterprises,ccep.com
wegmans food markets,wegmans.com
politie nederland,kombijdepolitie.nl
emory university,emory.edu
ipsos,ipsos.com
pernod ricard,pernod-ricard.com
woolworths,woolworths.co.za
deutsche gesellschaft für internationale zusammenarbeit (giz) gmbh,giz.de
avery dennison,averydennison.com
national park service,nps.gov
lexisnexis,lexisnexis.com
cea - commissariat à l'énergie atomique et aux énergies alternatives,cea.fr
unhcr,unhcr.org
juniper networks,juniper.net
buffalo wild wings,buffalowildwings.com
banco de crédito bcp,trabajaenelbcp.com
sanofi genzyme,sanofigenzyme.com
baker & mckenzie,bakermckenzie.com
belastingdienst,belastingdienst.nl
usaid,usaid.gov
royal air force,
northeastern university,northeastern.edu
air products,airproducts.com
deloitte uk,deloitte.co.uk
woolworths limited,woolworthsgroup.com.au
university of missouri,missouri.edu
newell brands,newellbrands.com
university of miami,miami.edu
carnival cruise lines,carnival.com
icici prudential life insurance company limited,iciciprulife.com
arrow electronics,arrow.com
gamestop,gamestop.com
philips lighting,
general dynamics,gd.com
fastenal,fastenal.com
lufthansa,lh.com
sykes,sykes.com
loblaw companies limited,loblaw.ca
king's college london,kcl.ac.uk
abercrombie & fitch,abercrombie.com
university of georgia,uga.edu
ogilvy & mather,ogilvy.com
totvs,totvs.com
assurant,assurant.com
university of central florida,ucf.edu
wm morrison supermarkets plc,morrisons.jobs
massage envy,massageenvy.com
forever 21,forever21.com
mazars,mazars.com
hallmark cards,hallmark.com
suncorp group,suncorp.com.au
advance auto parts,advanceautoparts.com
logica,logica.com
infosys bpo,infosysbpm.com
the university of queensland,uq.edu.au
university of calgary,ucalgary.ca
toys r us,toysrusinc.com
skf group,skf.com
deutsche telekom,
florida state university,fsu.edu
caesars entertainment corporation,caesars.com
la fitness,lafitness.com
shangri-la hotels and resorts,shangri-la.com
iowa state university,iastate.edu
boston children's hospital,
crédit agricole cib,ca-cib.com
autozone,autozone.com
temple university,
world health organization,who.int
fannie mae,fanniemae.com
kiewit,kiewit.com
groupon,groupon.com
postnl,postnl.nl
parsons brinckerhoff,wsp.com
ubisoft,ubisoftgroup.com
citrix,citrix.com
university of virginia,virginia.edu
royal navy,
metro cash and carry,metro-cc.com
commerzbank ag,commerzbank.com
gerdau,gerdau.com
canadian tire,canadiantire.ca
family dollar,familydollar.com
barnes & noble,bn.com
"lexmark international, inc.",lexmark.com
stefanini,stefanini.com
nationwide building society,nationwide.co.uk
teach for america,teachforamerica.org
biogen,biogen.com
the church of jesus christ of latter-day saints,lds.org
lcl,lcl.com
bank of china,boc.cn
tui,tuigroup.com
dish network,dish.com
ef education first,ef.com
transocean,deepwater.com
sheraton,sheraton.com
cracker barrel,crackerbarrel.com
oi s.a,oi.com.br
mcmaster university,mcmaster.ca
lloyds bank,lloydsbank.com
dillards,dillards.com
24 hour fitness,24hourfitness.com
oregon state university,oregonstate.edu
ahold,ahold.com
panasonic,panasonic.com
ucb,ucb.com
iron mountain,ironmountain.com
peace corps,peacecorps.gov
hilti,hilti.com
american cancer society,cancer.org
a.t. kearney,atkearney.com
university of houston,uh.edu
tu delft,tudelft.nl
harvard medical school,
the university of edinburgh,ed.ac.uk
universiteit utrecht,uu.nl
optus,optus.com.au
university of nottingham,nottingham.ac.uk
tim brasil,tim.com.br
bennett coleman and co. ltd. (times group),timesgroup.com
regus,regus.com
bath & body works,bathandbodyworks.com
michael page,page.com
george washington university,gwu.edu
albertsons,albertsons.com
outback steakhouse,outback.com
carnegie mellon university,cmu.edu
panalpina,panalpina.com
viacom,viacomcareers.com
university of south carolina,sc.edu
gpa,gpabr.com
university of chicago,
university of copenhagen,ku.dk
dunkin donuts,dunkindonuts.com
uc irvine,uci.edu
pirelli,pirelli.com
aiesec,aiesec.org
primark stores limited,primark.com
st. jude medical,sjm.com
virgin media,virginmedia.com
levi strauss & co.,levistrauss.com
university at buffalo,buffalo.edu
thomas cook,thomascook.com
norton rose fulbright,nortonrosefulbright.com
holcim,holcim.com
university of tennessee,utk.edu
"turner (turner broadcasting system, inc)",turner.com
westinghouse electric company,westinghousenuclear.com
tivit,tivit.com.br
lululemon athletica,lululemon.com
clemson university,clemson.edu
mindshare,mindshareworld.com
university of colorado boulder,
acs,
compucom,compucom.com
emerson network power,emersonnetworkpower.com
university of north texas,unt.edu
university of notre dame,nd.edu
chili's,chilis.com
fmc technologies,fmctechnologies.com
chick-fil-a,chick-fil-a.com
university of iowa,uiowa.edu
u.s. house of representatives,house.gov
texas tech university,ttu.edu
university of connecticut,uconn.edu
national university of singapore,nus.edu.sg
university of delaware,udel.edu
burberry,burberrycareers.com
rsa,rsagroup.com
conagra foods,conagrabrands.com
aarhus university,au.dk
washington state university,wsu.edu
balfour beatty plc,balfourbeatty.com
european parliament,
tj maxx,
chipotle mexican grill,chipotle.com
menards,menards.com
ohio university,ohio.edu
media markt,mediamarkt.com
contax,liq.com.br
coach,coach.com
sfr,numericable-sfr.com
freescale semiconductor,freescale.com
syracuse university,syr.edu
the wendy's company,wendys.com
technicolor,technicolor.com
visteon corporation,visteon.com
amec,
sony pictures entertainment,sonypictures.com
saks fifth avenue,saks.com
michael kors,michaelkors.com
john lewis,johnlewispartnership.co.uk
brown university,brown.edu
jumbo supermarkten,jumbo.com
blackberry,blackberry.com
sony music entertainment,sonymusic.com
university of amsterdam,uva.nl
niit limited,niit.com
british gas,britishgas.co.uk
hyatt regency,
cmc ltd,cmcltd.com
georgetown university,georgetown.edu
express,express.com
itt technical institute,itt-tech.edu
sony electronics,sonyjobs.com
neiman marcus,neimanmarcus.com
teletech,ttec.nl
starcom,starcomww.com
discovery communications,discovery.com
ibm canada,
eastman kodak,kodak.com
albert heijn,ah.nl
university of waterloo,
edelman,edelman.com
waitrose,waitrose.com
next group plc,next.co.uk
j. walter thompson worldwide,jwt.com
achmea,achmea.nl
leo burnett,leoburnett.com
bearingpoint,bearingpoint.com
university of massachusetts amherst,umass.edu
cnn,cnn.com
sonda,sonda.com
devry university,devry.edu
"ann inc. (parent company of ann taylor, loft & lou & grey)",anninc.com
boy scouts of america,scouting.org
j.crew,jcrew.com
pricewaterhousecoopers,
qwest communications,
university of groningen,rug.nl
dairy queen,dairyqueen.com
vrije universiteit amsterdam,vu.nl
debenhams,debenhams.com
bloomingdale's,bloomingdales.com
tommy hilfiger,tommy.com
pier 1 imports,pier1.com
ims health,imshealth.com
sofitel luxury hotels and resorts,sofitel.com
gap inc./ banana republic,bananarepublic.com
tns,tnsglobal.com
gap,
vector marketing,vectormarketing.com
us census bureau,census.gov
hollister co.,hollisterco.com
dun & bradstreet,dnb.com
clifford chance llp,cliffordchance.com
oxfam,oxfam.org.uk
geek squad,geeksquad.com
itv,itvplc.com
sungard,sungard.com
club med,clubmed.com
urban outfitters,urbanoutfitters.com
"sears, roebuck and co.",sears.com
fnac,fnac.com
officemax,officemax.com
stream global services,stream.com
anthropologie,anthropologie.com
sun microsystems,sun.com
radioshack,radioshack.com
topshop topman,topshop.com
aeropostale,aeropostale.com
havas,havas.com
nortel,nortel.com
aol,aol.com
saatchi & saatchi,saatchi.com
mccann erickson,mccann.com
young & rubicam,yr.com
americorps,nationalservice.gov
kumon,kumon.com
kraft foods group,kraftfoodsgroup.com
halifax,halifax.co.uk
lehman brothers,lehman.com
israel defense forces,
blockbuster,blockbuster.com
circuit city,circuitcity.com
netflix,netflix.com